{
    "loss": 4.736644744873047,
    "accuracy": 0.5344827771186829
}